insert into parts (id, part_name, price, quantity)
values  (1, 'Alternator', 320.13, 40),
        (2, 'Battery', 419.14, 33),
        (3, 'Performance Battery', 455.38, 15),
        (4, 'Battery Box', 590.43, 21),
        (5, 'Battery Cable', 269.73, 5),
        (6, 'Battery Plate', 416.1, 36),
        (7, 'Battery tray', 241.45, 13),
        (8, 'Battery Cap', 33.28, 24),
        (9, 'Distilled Water', 547.68, 6),
        (10, 'Ammeter', 148.61, 7),
        (11, 'Clinometer', 397.05, 12),
        (12, 'Dynamometer', 343.52, 6),
        (13, 'Fuel gauge', 452.04, 31),
        (14, 'Manometer', 368.82, 27),
        (15, 'Hydrometer', 162.69, 8),
        (16, 'Temperature gauge', 574.25, 40),
        (17, 'Tire pressure gauge', 511.9, 26),
        (18, 'Vacuum gauge', 385.88, 29),
        (19, 'Voltmeter', 594.86, 6),
        (20, 'Oil pressure gauge', 50.56, 40),
        (21, 'Sparking cable', 17.41, 28),
        (22, 'Distributor', 560.97, 37),
        (23, 'Distributor Cap', 289.08, 39),
        (24, 'Ignition box', 385.95, 10),
        (25, 'Ignition coil', 449.34, 12),
        (26, 'Ignition coil parts', 269.12, 3),
        (27, 'Ignition magneto', 29.82, 20),
        (28, 'Spark plug', 440.36, 27),
        (29, 'Glow Plug', 410.57, 6),
        (30, 'Starter drive', 93.68, 13),
        (31, 'starter pinion gear', 471.74, 38),
        (32, 'Starter motor', 45.13, 21),
        (33, 'Starter solenoid', 78.3, 26),
        (34, 'Door switch', 358.64, 2),
        (35, 'Ignition switch', 140.88, 17),
        (36, 'Power window switch', 578.73, 22),
        (37, 'Switch cover', 544.33, 37),
        (38, 'Switch panel', 221.84, 15),
        (39, 'Thermostat', 537.15, 2),
        (40, 'Frame switch', 281.97, 23),
        (41, 'Fan ditch', 207.16, 15),
        (42, 'Oil filter', 466.98, 33),
        (43, 'Oil gasket', 296.31, 28),
        (44, 'Oil pan', 426.31, 37),
        (45, 'Oil pipe', 14.84, 31),
        (46, 'Oil pump', 293.61, 2),
        (47, 'Oil strainer', 129.59, 21),
        (48, 'Oil suction filte', 484.65, 22);

insert into mechanics (id, email, first_name, last_name, phone)
values  (1, 'lrann0@t-online.de', 'Lorna', 'Rann', '462-463-0432'),
        (2, 'ksterland1@hubpages.com', 'Krystal', 'Sterland', '201-115-5358'),
        (3, 'gledeker2@amazon.com', 'Gerladina', 'Ledeker', '534-162-5734'),
        (4, 'dhebard4@histats.com', 'Dulcy', 'Hebard', '654-577-5713'),
        (5, 'jbisley5@yandex.ru', 'Jedd', 'Bisley', '294-274-0482'),
        (6, 'lglendenning6@tripadvisor.com', 'Lizbeth', 'Glendenning', '654-208-9686'),
        (7, 'mmonteith7@upenn.edu', 'Megan', 'Monteith', '553-464-5011'),
        (8, 'mburner8@artisteer.com', 'Mandel', 'Burner', '802-835-8210'),
        (9, 'dmcnelly9@statcounter.com', 'Don', 'McNelly', '381-295-6186'),
        (10, 'afilkina@amazon.com', 'Averill', 'Filkin', '440-470-2126'),
        (11, 'jreederb@apple.com', 'Johannes', 'Reeder', '855-102-5136'),
        (12, 'mlegerc@google.ca', 'Madelaine', 'Leger', '283-672-3702'),
        (13, 'apenellid@so-net.ne.jp', 'Ashlie', 'Penelli', '881-142-4258'),
        (14, 'ealrede@google.it', 'Erda', 'Alred', '328-462-7059'),
        (15, 'dletchfordf@blogspot.com', 'Delcina', 'Letchford', '405-699-6016'),
        (16, 'cstylesg@stanford.edu', 'Caldwell', 'Styles', '767-550-6136'),
        (17, 'cmacsorleyh@lycos.com', 'Cleve', 'MacSorley', '674-370-2684'),
        (18, 'cmacpikei@bigcartel.com', 'Christie', 'MacPike', '636-208-4855'),
        (19, 'bkaiserj@salon.com', 'Brynn', 'Kaiser', '168-581-0231'),
        (20, 'tdagostinok@dagondesign.com', 'Teddy', 'D''Agostino', '269-545-3066'),
        (21, 'mredmanl@aol.com', 'Marsha', 'Redman', '435-882-4065'),
        (22, 'aashwinm@noaa.gov', 'Alexei', 'Ashwin', '950-433-9171'),
        (23, 'hmccanen@infoseek.co.jp', 'Hanan', 'McCane', '241-738-8061'),
        (24, 'mmarzelleo@squarespace.com', 'Margalo', 'Marzelle', '202-980-7909'),
        (25, 'egerretsp@1und1.de', 'Evvie', 'Gerrets', '994-770-7496'),
        (26, 'fwhooleyq@macromedia.com', 'Flynn', 'Whooley', '443-108-4458'),
        (27, 'pconewr@ft.com', 'Pinchas', 'Conew', '239-865-1955'),
        (28, 'knansons@oakley.com', 'Kristoforo', 'Nanson', '277-730-2159'),
        (29, 'gwillmentt@1und1.de', 'Giacobo', 'Willment', '905-109-2744'),
        (30, 'dhewertsonu@google.com.br', 'Dene', 'Hewertson', '341-540-1468'),
        (31, 'awickesv@histats.com', 'Alexina', 'Wickes', '699-303-0200'),
        (32, 'pstutew@indiatimes.com', 'Paddie', 'Stute', '227-211-6126'),
        (33, 'bcruzx@nps.gov', 'Batholomew', 'Cruz', '710-168-0555'),
        (34, 'tmattimoey@cnbc.com', 'Tanhya', 'Mattimoe', '289-272-3471'),
        (35, 'aantoinetz@php.net', 'Any', 'Antoinet', '291-616-6835'),
        (36, 'tdupre10@dmoz.org', 'Thain', 'Dupre', '317-928-4866'),
        (37, 'plovstrom11@youku.com', 'Philly', 'Lovstrom', '418-908-0179'),
        (38, 'kpauler12@netvibes.com', 'Koenraad', 'Pauler', '640-579-0492'),
        (39, 'apimerick13@google.co.uk', 'Althea', 'Pimerick', '154-230-7121'),
        (40, 'dhause14@digg.com', 'Devin', 'Hause', '714-644-3264'),
        (41, 'bwickey15@google.ru', 'Bria', 'Wickey', '468-563-0303'),
        (42, 'itownrow16@mozilla.org', 'Idalina', 'Townrow', '984-634-7874'),
        (43, 'blowdes17@list-manage.com', 'Brigit', 'Lowdes', '179-612-6019'),
        (44, 'jbelchem18@blogger.com', 'Jephthah', 'Belchem', '538-391-0342'),
        (45, 'rbeig19@whitehouse.gov', 'Roshelle', 'Beig', '616-212-9900'),
        (46, 'lmyring1a@sourceforge.net', 'Lothaire', 'Myring', '586-703-0180'),
        (47, 'oearengey1b@nature.com', 'Ozzie', 'Earengey', '188-646-3011'),
        (48, 'fcaslake1c@elpais.com', 'Fiorenze', 'Caslake', '328-812-5012'),
        (49, 'hgarr1d@ocn.ne.jp', 'Hatty', 'Garr', '189-425-6386'),
        (50, 'htuther1e@toplist.cz', 'Hew', 'Tuther', '276-775-2292'),
        (51, 'sbewsy1f@typepad.com', 'Sandor', 'Bewsy', '901-654-6584'),
        (52, 'abudibent1g@kickstarter.com', 'Abbye', 'Budibent', '234-643-4640'),
        (53, 'rlimon1h@sphinn.com', 'Roseline', 'Limon', '528-227-1972'),
        (54, 'mbeamont1i@phpbb.com', 'Modesta', 'Beamont', '332-460-1580'),
        (55, 'gmccrostie1j@auda.org.au', 'Gerianne', 'McCrostie', '321-866-5406'),
        (56, 'zguidini1k@guardian.co.uk', 'Zuzana', 'Guidini', '981-847-6044'),
        (57, 'acrossdale1l@wix.com', 'Allyn', 'Crossdale', '222-180-9369'),
        (58, 'cjapp1m@springer.com', 'Coleen', 'Japp', '981-286-9681'),
        (59, 'lpetren1n@opera.com', 'Leopold', 'Petren', '232-517-3969'),
        (60, 'rgarlette1o@ezinearticles.com', 'Rozanna', 'Garlette', '266-799-6662'),
        (61, 'dbennion1p@livejournal.com', 'Deanne', 'Bennion', '194-344-7071'),
        (62, 'mpedri1q@dropbox.com', 'Marysa', 'Pedri', '146-868-1978'),
        (63, 'spine1r@google.com.hk', 'Sharron', 'Pine', '749-729-3438'),
        (64, 'lblunsom1s@seesaa.net', 'Leopoldl', 'Blunsom', '566-116-5035'),
        (65, 'cmanicomb1t@flavors.me', 'Cary', 'Manicomb', '868-423-6927'),
        (66, 'larmatidge1u@alexa.com', 'Laurens', 'Armatidge', '939-827-1500'),
        (67, 'eselwin1v@webnode.com', 'Ebonee', 'Selwin', '481-949-4515'),
        (68, 'emcsporon1w@skype.com', 'Engracia', 'McSporon', '875-563-4466'),
        (69, 'mplaschke1x@slate.com', 'Margot', 'Plaschke', '692-803-5242'),
        (70, 'cdurgan1y@patch.com', 'Cassandre', 'Durgan', '959-676-9475'),
        (71, 'upinchin1z@china.com.cn', 'Ursula', 'Pinchin', '480-287-0022'),
        (72, 'scoult20@thetimes.co.uk', 'Sallyanne', 'Coult', '728-129-7772'),
        (73, 'mceccoli21@surveymonkey.com', 'Miguela', 'Ceccoli', '804-584-1454'),
        (74, 'fspoerl22@w3.org', 'Flemming', 'Spoerl', '344-246-3902'),
        (75, 'mlowdham23@chronoengine.com', 'Marchall', 'Lowdham', '456-295-1108'),
        (76, 'cgraalman24@redcross.org', 'Cortney', 'Graalman', '287-791-8367'),
        (77, 'mjessup25@cnbc.com', 'Moira', 'Jessup', '818-354-5009'),
        (78, 'lmagenny26@diigo.com', 'Lonnie', 'Magenny', '315-508-0206'),
        (79, 'cstorry27@hexun.com', 'Claretta', 'Storry', '313-585-9040'),
        (80, 'xkunrad28@blogger.com', 'Ximenez', 'Kunrad', '993-896-0533'),
        (81, 'odenson29@miitbeian.gov.cn', 'Ollie', 'Denson', '586-603-5316'),
        (82, 'pgrouer2a@wordpress.com', 'Papagena', 'Grouer', '727-327-7170'),
        (83, 'cminnette2b@over-blog.com', 'Caren', 'Minnette', '350-586-2250'),
        (84, 'omcnelly2c@issuu.com', 'Onfroi', 'McNelly', '748-858-8647'),
        (85, 'mchesterfield2d@businessweek.com', 'Mariel', 'Chesterfield', '315-773-8628'),
        (86, 'opavlovsky2e@state.tx.us', 'Orsa', 'Pavlovsky', '522-315-2132'),
        (87, 'mheintz2f@redcross.org', 'Mab', 'Heintz', '401-596-5307'),
        (88, 'jcrystal2g@seesaa.net', 'Justis', 'Crystal', '530-312-5315'),
        (89, 'mkrug2h@tumblr.com', 'Maritsa', 'Krug', '589-778-3142'),
        (90, 'ostonman2i@umn.edu', 'Osbourne', 'Stonman', '970-762-5563'),
        (91, 'cwharby2j@vk.com', 'Caritta', 'Wharby', '108-596-3715'),
        (92, 'sgrindall2k@japanpost.jp', 'Sunny', 'Grindall', '770-242-8405'),
        (93, 'aaiken2l@cnn.com', 'Alanson', 'Aiken', '499-641-5762'),
        (94, 'rrostron2m@wufoo.com', 'Rubi', 'Rostron', '594-426-1997'),
        (95, 'eyaxley2n@blogtalkradio.com', 'Esdras', 'Yaxley', '629-790-5234'),
        (96, 'vclipston2o@lulu.com', 'Viva', 'Clipston', '639-744-9339'),
        (97, 'nmurrhaupt2p@examiner.com', 'Nickie', 'Murrhaupt', '274-645-2678'),
        (98, 'rfurminger2q@house.gov', 'Raphaela', 'Furminger', '638-171-8744'),
        (99, 'psmallwood2r@prweb.com', 'Pia', 'Smallwood', '222-452-8521');

insert into cars (id, car_make, car_model, car_type, engine, kilometers, plate_number, year)
values  (1, 'Mitsubishi', 'Tundra', 'SUV', 1.2, 256754, 'JA9315IL', 2009),
        (2, 'Land Rover', 'Range Rover', 'SUV', 2.6, 159069, 'NR9360PI', 1996),
        (3, 'Dodge', 'Intrepid', 'sport', 2.3, 127029, 'OY9924GE', 2001),
        (4, 'Honda', 'S2000', 'SUV', 1.4, 304688, 'JH5373JS', 2006),
        (5, 'Audi', 'A8', 'coupe', 2.8, 345548, 'HV6403FF', 1998),
        (6, 'Mercedes-Benz', 'E-Class', 'SUV', 1.9, 329396, 'QG6363GJ', 1989),
        (7, 'Infiniti', 'II', 'SUV', 2.7, 290806, 'BY3545TD', 2003),
        (8, 'BMW', '325', 'sport', 1.6, 279753, 'OH2442XY', 2004),
        (9, 'Ferrari', '599 GTB Fiorano', 'coupe', 2, 78182, 'MJ3621LP', 2009),
        (10, 'BMW', '3 Series', 'sport', 2.9, 163477, 'HT4025NI', 2009),
        (11, 'Saab', '900', 'coupe', 1.4, 265506, 'OG3270QA', 1991),
        (12, 'Nissan', 'Quest', 'coupe', 2.7, 283813, 'JW8520XS', 2005),
        (13, 'Dodge', 'Intrepid', 'coupe', 1.1, 339010, 'PM1335EQ', 1994),
        (14, 'Pontiac', 'Trans Sport', 'sport', 1.1, 91429, 'DX7507XY', 1995),
        (15, 'Lincoln', 'MKX', 'SUV', 1.9, 191137, 'LH8833NL', 2013),
        (16, 'Saab', '9-5', 'sport', 2, 80671, 'OG2403NL', 2006),
        (17, 'Honda', 'Civic', 'coupe', 1.5, 314484, 'FP4388LX', 2011),
        (18, 'Mazda', 'MPV', 'coupe', 2, 139040, 'BL4032DF', 1993),
        (19, 'Buick', 'Coachbuilder', 'sport', 1.5, 97889, 'YH2964LW', 1995),
        (20, 'Dodge', 'D150', 'SUV', 2.8, 256385, 'ED6655KW', 1992),
        (21, 'Acura', 'RL', 'coupe', 3, 122702, 'CK4020DO', 2008),
        (22, 'Saab', '9000', 'sport', 1.7, 81101, 'ZM6516GD', 1999),
        (23, 'Buick', 'Regal', 'sport', 1.5, 291780, 'PB7870EX', 1987),
        (24, 'Ford', 'F150', 'SUV', 2.2, 301570, 'JJ2481JC', 2006),
        (25, 'Chevrolet', 'Express 3500', 'sport', 2.5, 210691, 'OQ3347RV', 2010),
        (26, 'Pontiac', 'Torrent', 'coupe', 1.1, 197012, 'WN3421OU', 2007),
        (27, 'Volkswagen', 'CC', 'SUV', 2.4, 236751, 'NV3327PZ', 2009),
        (28, 'Cadillac', 'XLR', 'SUV', 1.6, 206485, 'XZ9047NP', 2004),
        (29, 'BMW', '545', 'coupe', 1.6, 197926, 'XX6007PW', 2004),
        (30, 'Chevrolet', 'Aveo', 'SUV', 3, 219393, 'YA4204ZV', 2008),
        (31, 'Lexus', 'IS-F', 'SUV', 2.6, 285002, 'BG5643BO', 2009),
        (32, 'Jeep', 'Wrangler', 'SUV', 2, 292812, 'FA2095MC', 1995),
        (33, 'Pontiac', 'Bonneville', 'sport', 2.5, 79595, 'VJ8884FW', 1996),
        (34, 'Subaru', 'Legacy', 'sport', 1.6, 201507, 'MF3027YH', 1995),
        (35, 'Toyota', 'Camry', 'coupe', 2.4, 123980, 'ZF3171WF', 2005),
        (36, 'Cadillac', 'Seville', 'SUV', 1.8, 213203, 'UK9410PK', 1999),
        (37, 'Mercedes-Benz', '300D', 'SUV', 1.7, 321364, 'US9174IC', 1992),
        (38, 'Porsche', 'Boxster', 'coupe', 2.1, 186911, 'DO1002GC', 1999),
        (39, 'Ford', 'Taurus', 'SUV', 2, 325578, 'RW8495UI', 2002),
        (40, 'Mercury', 'Monterey', 'coupe', 1.8, 229310, 'OH1547FN', 2007),
        (41, 'Chevrolet', 'Classic', 'SUV', 1.2, 74094, 'JS7873UP', 2004),
        (42, 'Acura', 'TL', 'sport', 1.6, 74973, 'ZV6416LD', 1997),
        (43, 'Ford', 'Thunderbird', 'sport', 1.7, 307420, 'RB2042CD', 1958),
        (44, 'Chrysler', 'Town & Country', 'SUV', 1.8, 187731, 'DR2107JJ', 2008),
        (45, 'Eagle', 'Premier', 'SUV', 2.7, 340912, 'WQ5606QL', 1992),
        (46, 'Mercury', 'Mystique', 'SUV', 1.2, 147516, 'MT2425FL', 2000),
        (47, 'Saturn', 'S-Series', 'SUV', 1.4, 130635, 'OK2850BL', 1994),
        (48, 'Audi', 'A3', 'sport', 2.5, 326560, 'KS5942FO', 2012),
        (49, 'Oldsmobile', '98', 'SUV', 2.7, 135976, 'NC2758LU', 1996),
        (50, 'Ford', 'F250', 'coupe', 1.7, 245471, 'PW5566PE', 1994),
        (51, 'Dodge', 'Viper', 'SUV', 2.5, 228694, 'YB6633TB', 2003),
        (52, 'Suzuki', 'Swift', 'SUV', 1.5, 297765, 'ZJ0515MD', 1996),
        (53, 'Ford', 'Contour', 'coupe', 2, 275850, 'YK9763RM', 1996),
        (54, 'Subaru', 'Legacy', 'SUV', 1.7, 63521, 'IL2040FU', 1990),
        (55, 'Ford', 'Taurus', 'SUV', 2.8, 304729, 'NO2142WE', 1989),
        (56, 'Saturn', 'S-Series', 'SUV', 2.5, 342026, 'HZ9391FQ', 2000),
        (57, 'Land Rover', 'Defender', 'sport', 1.8, 159828, 'LI0756ZY', 1995),
        (58, 'Lexus', 'ES', 'SUV', 2.3, 192181, 'PA5282BB', 1991),
        (59, 'Mercedes-Benz', 'S-Class', 'coupe', 1.4, 153376, 'ZH0774CM', 2010),
        (60, 'Buick', 'Riviera', 'SUV', 1.5, 300989, 'ZM0100FC', 1990),
        (61, 'BMW', '330', 'sport', 1.3, 230789, 'UF3717DF', 2006),
        (62, 'Ford', 'Ccarn Victoria', 'SUV', 1.6, 83544, 'RS1843KR', 2010),
        (63, 'Mazda', 'Miata MX-5', 'SUV', 1.3, 200186, 'TR5478LV', 2002),
        (64, 'Chevrolet', 'Aveo', 'SUV', 1.8, 66424, 'SR7336QN', 2004),
        (65, 'Volvo', 'V40', 'SUV', 2.7, 344602, 'SZ6904VG', 2004),
        (66, 'Lamborghini', 'Murciélago', 'sport', 1.3, 341948, 'UK2725DW', 2005),
        (67, 'Chevrolet', 'Metro', 'coupe', 2.6, 61679, 'OI5188SL', 1999),
        (68, 'Chevrolet', 'Monza', 'SUV', 1.1, 337537, 'LA5734TF', 1975),
        (69, 'Toyota', 'Avalon', 'SUV', 1.5, 136503, 'XN1625CY', 1998),
        (70, 'Chevrolet', 'Express', 'coupe', 2.2, 248361, 'NB2364LM', 2011),
        (71, 'Buick', 'Regal', 'sport', 1.9, 334318, 'DV9585ZB', 2011),
        (72, 'Pontiac', 'Grand Prix', 'sport', 1.9, 183863, 'HY2275OK', 1978),
        (73, 'Lexus', 'GS', 'SUV', 2.9, 102040, 'XD9829VM', 2013),
        (74, 'Chevrolet', '3500', 'sport', 1, 144491, 'XA0841AV', 1995),
        (75, 'Volkswagen', 'rio', 'coupe', 2.2, 336105, 'GY3892UT', 2001),
        (76, 'Oldsmobile', '88', 'coupe', 2.7, 235480, 'BC6947OP', 1994),
        (77, 'Mercury', 'Marquis', 'sport', 1.1, 337301, 'JI8310JU', 1986),
        (78, 'Chrysler', 'PT Cruiser', 'SUV', 2.3, 340535, 'IB2943GQ', 2008),
        (79, 'Ford', 'Escort', 'SUV', 2.4, 183738, 'BQ1188LC', 2000),
        (80, 'Pontiac', '1000', 'coupe', 1.6, 292464, 'ZZ7383KD', 1986),
        (81, 'Maserati', 'Spyder', 'sport', 2.8, 269339, 'YO8687IZ', 2003),
        (82, 'Audi', 'riolet', 'SUV', 2.8, 105759, 'PE5788XD', 1994),
        (83, 'Volkswagen', 'Golf', 'sport', 1.2, 76570, 'EM6779EM', 1976),
        (84, 'Cadillac', 'Escalade', 'coupe', 2.7, 332063, 'BX4457SK', 2007),
        (85, 'Acura', 'MDX', 'SUV', 1.1, 307712, 'RP6935RD', 2005),
        (86, 'Porsche', 'Cayman', 'SUV', 1, 250357, 'FT6932WO', 2009),
        (87, 'Chevrolet', 'HHR', 'coupe', 2.4, 341940, 'MQ2420XK', 2008),
        (88, 'Mazda', 'MX-3', 'sport', 2, 146622, 'GE7620MQ', 1994),
        (89, 'BMW', 'M3', 'coupe', 2.7, 249311, 'PT0949YN', 1996),
        (90, 'Audi', 'S6', 'sport', 2.6, 242361, 'LZ1999SO', 2007),
        (91, 'Chrysler', 'Sebring', 'sport', 1.8, 265466, 'WD4020WP', 2010),
        (92, 'Jaguar', 'XJ', 'coupe', 1.6, 182327, 'PW6588ST', 2007),
        (93, 'Honda', 'Prelude', 'sport', 1.9, 110807, 'IW9220QZ', 2000),
        (94, 'Toyota', 'Tacoma', 'coupe', 2.8, 103752, 'MR1786ZG', 2005),
        (95, 'Toyota', 'Camry', 'coupe', 2.4, 319292, 'TO1407ZT', 2010),
        (96, 'Mercedes-Benz', 'SL-Class', 'coupe', 2.5, 86912, 'MD9630WK', 1993),
        (97, 'Pontiac', 'Grand Prix', 'coupe', 2.4, 260628, 'JK1993AO', 1981),
        (98, 'Dodge', 'Challenger', 'SUV', 1.4, 226423, 'AU3739FZ', 2010),
        (99, 'Mazda', 'Miata MX-5', 'coupe', 2.1, 267695, 'CO5040KI', 2005);

insert into tasks (id, date, price, cars_id, mechanic_id, parts_id)
values  (1, '2021-01-28 06:43:21', 240.04, 88, 45, 7),
        (2, '2021-09-10 06:53:58', 1325.82, 35, 47, 32),
        (3, '2021-03-24 02:11:32', 1033.98, 16, 46, 39),
        (4, '2021-12-07 05:08:51', 1230.28, 49, 8, 18),
        (5, '2021-02-19 16:51:20', 705.94, 99, 8, 36),
        (6, '2022-01-27 22:06:04', 969.34, 20, 33, 48),
        (7, '2022-06-06 06:59:40', 280.38, 69, 58, 26),
        (8, '2022-02-11 06:51:44', 537.83, 23, 80, 8),
        (9, '2022-09-17 02:57:20', 755.42, 51, 42, 37),
        (10, '2020-12-18 06:26:57', 1046.05, 62, 77, 39),
        (11, '2021-07-13 11:54:52', 876.56, 88, 44, 13),
        (12, '2022-04-26 18:48:39', 1144.42, 13, 6, 39),
        (13, '2020-11-24 14:13:00', 931.67, 95, 10, 7),
        (14, '2021-05-30 01:17:12', 221.43, 10, 39, 12),
        (15, '2022-08-22 02:47:17', 515.78, 85, 30, 27),
        (16, '2022-10-22 03:03:25', 820.21, 75, 60, 36),
        (17, '2020-11-10 16:31:31', 885.94, 50, 36, 26),
        (18, '2022-09-24 18:34:53', 368.12, 51, 72, 14),
        (19, '2022-04-19 08:04:49', 1424.28, 67, 72, 30),
        (20, '2021-11-24 13:30:15', 1317.13, 56, 78, 35),
        (21, '2022-05-24 08:27:29', 330.49, 93, 25, 34),
        (22, '2021-06-15 23:53:34', 1211.58, 99, 74, 21),
        (23, '2022-03-26 13:26:10', 431.82, 93, 70, 21),
        (24, '2020-11-10 16:21:19', 1688.43, 2, 22, 8),
        (25, '2022-04-30 03:28:28', 1266.29, 40, 28, 6),
        (26, '2021-05-04 13:55:05', 108.48, 76, 44, 19),
        (27, '2021-03-29 16:48:31', 1521.94, 76, 3, 45),
        (28, '2022-04-27 16:00:40', 1111.56, 57, 95, 20),
        (29, '2021-10-01 19:32:29', 1599.90, 96, 13, 11),
        (30, '2021-03-11 17:55:21', 1516.61, 48, 91, 28),
        (31, '2021-01-24 02:31:05', 846.40, 74, 25, 8),
        (32, '2022-08-22 23:32:15', 256.68, 68, 46, 42),
        (33, '2021-05-15 06:06:01', 254.97, 90, 72, 2),
        (34, '2021-09-25 23:16:48', 427.87, 42, 73, 19),
        (35, '2022-05-27 22:10:38', 1217.80, 45, 65, 12),
        (36, '2022-07-13 07:49:26', 425.25, 9, 42, 14),
        (37, '2021-07-25 13:51:17', 405.74, 37, 84, 30),
        (38, '2021-10-29 18:38:10', 1397.66, 90, 7, 19),
        (39, '2020-12-02 09:59:58', 1219.29, 70, 9, 39),
        (40, '2021-06-05 21:05:02', 1103.83, 9, 71, 19),
        (41, '2022-06-13 09:54:24', 1231.49, 97, 26, 25),
        (42, '2022-05-26 03:58:52', 219.43, 17, 98, 16),
        (43, '2022-04-20 06:13:28', 383.66, 15, 31, 26),
        (44, '2021-10-27 22:48:42', 532.12, 24, 41, 2),
        (45, '2021-12-03 23:05:51', 1262.46, 34, 16, 42),
        (46, '2021-06-04 17:11:21', 859.04, 60, 52, 38),
        (47, '2021-01-02 22:48:43', 718.33, 37, 24, 29),
        (48, '2021-02-16 15:05:50', 1053.58, 40, 34, 24),
        (49, '2022-01-27 09:29:05', 249.25, 26, 12, 15),
        (50, '2020-11-06 06:56:35', 877.57, 72, 25, 9),
        (51, '2020-10-30 17:27:56', 1491.68, 81, 89, 23),
        (52, '2021-12-09 13:25:10', 1509.85, 15, 89, 1),
        (53, '2022-07-22 01:04:42', 764.74, 19, 35, 36),
        (54, '2022-06-08 05:32:32', 1563.12, 20, 89, 16),
        (55, '2021-03-16 16:56:53', 1470.81, 55, 40, 5),
        (56, '2021-10-21 07:06:49', 881.44, 77, 38, 13),
        (57, '2021-04-03 09:10:48', 1435.30, 72, 80, 16),
        (58, '2022-01-21 18:47:28', 1031.75, 19, 92, 29),
        (59, '2021-10-13 09:38:40', 410.09, 57, 87, 5),
        (60, '2021-07-11 16:40:47', 731.81, 55, 54, 25),
        (61, '2020-11-14 16:14:05', 569.02, 51, 43, 7),
        (62, '2021-03-12 16:00:13', 1358.85, 79, 88, 17),
        (63, '2022-03-29 06:46:12', 811.93, 30, 66, 2),
        (64, '2021-04-21 18:28:54', 1588.60, 19, 44, 11),
        (65, '2021-12-09 14:44:03', 1272.91, 31, 77, 20),
        (66, '2022-03-16 05:28:28', 683.08, 77, 65, 46),
        (67, '2021-07-27 08:54:36', 1543.49, 72, 39, 3),
        (68, '2021-04-29 08:05:10', 451.35, 29, 54, 38),
        (69, '2021-02-17 06:57:05', 1486.11, 37, 32, 42),
        (70, '2021-04-18 07:06:38', 1688.24, 14, 20, 11),
        (71, '2022-01-29 03:26:48', 843.44, 72, 37, 20),
        (72, '2022-03-26 09:40:53', 1651.11, 10, 27, 8),
        (73, '2022-07-17 07:47:41', 931.60, 88, 89, 31),
        (74, '2022-09-16 01:26:44', 1414.99, 97, 63, 45),
        (75, '2021-07-07 15:05:52', 163.95, 85, 54, 42),
        (76, '2021-09-24 21:41:34', 157.82, 76, 72, 35),
        (77, '2022-09-06 06:33:40', 73.31, 86, 82, 34),
        (78, '2021-10-27 12:58:09', 1455.98, 54, 87, 5),
        (79, '2021-07-25 20:06:09', 332.94, 89, 26, 19),
        (80, '2022-01-17 07:53:08', 1257.39, 33, 27, 9),
        (81, '2021-08-20 19:49:18', 1003.14, 95, 51, 2),
        (82, '2022-06-06 04:57:53', 1329.86, 66, 28, 28),
        (83, '2021-05-27 18:51:57', 1446.70, 13, 13, 36),
        (84, '2021-02-27 06:43:37', 347.19, 23, 84, 24),
        (85, '2021-09-10 15:30:03', 203.45, 3, 96, 5),
        (86, '2022-04-23 16:11:29', 82.77, 21, 17, 41),
        (87, '2021-08-06 23:51:56', 669.48, 31, 77, 4),
        (88, '2022-02-24 07:49:34', 113.09, 28, 28, 32),
        (89, '2021-01-25 11:11:17', 283.38, 59, 72, 4),
        (90, '2022-02-21 12:23:08', 503.83, 76, 53, 32),
        (91, '2021-06-07 20:23:40', 415.89, 87, 98, 44),
        (92, '2021-10-03 23:22:44', 878.29, 5, 48, 19),
        (93, '2022-07-24 15:21:02', 1166.22, 82, 3, 13),
        (94, '2020-11-26 04:14:01', 878.78, 98, 85, 6),
        (95, '2021-03-06 02:55:29', 235.42, 72, 77, 18),
        (96, '2020-12-28 13:48:06', 646.92, 44, 4, 44),
        (97, '2021-05-07 13:20:04', 1377.06, 45, 61, 11),
        (98, '2020-11-06 13:31:09', 1288.95, 89, 96, 37),
        (99, '2021-06-07 15:36:02', 386.74, 57, 14, 30),
        (100, '2021-02-26 06:57:52', 404.12, 96, 67, 12),
        (101, '2022-10-12 18:41:33', 1611.69, 27, 9, 14),
        (102, '2020-11-06 21:05:02', 1568.23, 10, 49, 13),
        (103, '2022-05-20 14:13:26', 1353.01, 3, 53, 12),
        (104, '2021-09-07 09:49:44', 236.61, 52, 63, 19),
        (105, '2021-08-17 15:25:37', 1345.62, 29, 48, 25),
        (106, '2021-10-31 13:28:03', 603.71, 75, 57, 36),
        (107, '2022-10-28 05:59:44', 619.37, 95, 28, 28),
        (108, '2022-07-25 01:36:48', 335.14, 50, 60, 2),
        (109, '2021-07-11 16:57:21', 1247.45, 8, 83, 29),
        (110, '2021-10-19 05:31:12', 1359.88, 90, 36, 25),
        (111, '2021-01-31 18:11:59', 752.14, 98, 98, 38),
        (112, '2022-04-22 21:36:02', 336.62, 86, 95, 14),
        (113, '2021-06-16 20:38:20', 993.11, 63, 2, 4),
        (114, '2021-02-22 19:20:40', 1408.22, 6, 18, 20),
        (115, '2022-07-13 12:17:44', 510.02, 82, 99, 26),
        (116, '2020-12-17 03:05:37', 633.10, 50, 41, 27),
        (117, '2020-12-21 10:19:32', 565.32, 22, 4, 17),
        (118, '2021-03-01 21:01:38', 1491.80, 61, 36, 6),
        (119, '2022-06-27 12:14:02', 265.47, 12, 15, 45),
        (120, '2022-07-12 00:52:09', 1214.36, 86, 6, 7),
        (121, '2021-07-15 18:49:21', 703.23, 88, 93, 19),
        (122, '2022-03-31 00:28:04', 675.19, 83, 6, 11),
        (123, '2022-06-23 07:52:25', 243.40, 35, 9, 24),
        (124, '2021-07-26 15:30:51', 149.04, 38, 50, 2),
        (125, '2022-05-02 11:27:56', 449.85, 91, 22, 37),
        (126, '2021-10-20 09:57:27', 107.47, 75, 32, 36),
        (127, '2021-02-22 06:17:29', 770.46, 2, 17, 17),
        (128, '2022-06-25 08:18:16', 883.65, 2, 55, 38),
        (129, '2021-07-05 23:11:51', 1661.91, 78, 76, 43),
        (130, '2021-06-28 07:27:17', 1512.62, 65, 6, 46),
        (131, '2021-08-04 09:19:05', 853.91, 27, 13, 25),
        (132, '2021-01-20 18:25:34', 923.29, 56, 57, 4),
        (133, '2022-05-24 21:57:32', 1116.77, 13, 8, 34),
        (134, '2022-07-19 08:13:46', 275.95, 91, 37, 23),
        (135, '2021-07-03 01:16:08', 1572.55, 49, 34, 31),
        (136, '2021-01-09 04:09:21', 990.18, 50, 4, 15),
        (137, '2022-06-08 12:17:22', 43.68, 46, 30, 41),
        (138, '2022-03-08 18:09:32', 1594.36, 35, 42, 48),
        (139, '2021-09-07 05:36:20', 926.93, 36, 88, 2),
        (140, '2022-10-15 12:26:48', 881.94, 60, 91, 3),
        (141, '2020-11-11 11:41:54', 987.28, 96, 65, 7),
        (142, '2021-09-26 02:02:11', 863.06, 41, 71, 21),
        (143, '2022-06-29 03:22:05', 1396.82, 73, 89, 43),
        (144, '2021-10-01 15:59:37', 343.96, 2, 45, 2),
        (145, '2021-08-14 05:25:56', 1213.46, 54, 49, 40),
        (146, '2020-11-20 08:21:19', 1617.75, 41, 56, 32),
        (147, '2022-08-24 19:04:02', 1181.90, 71, 48, 41),
        (148, '2021-02-15 03:20:09', 1346.20, 44, 97, 31),
        (149, '2021-10-13 06:15:25', 544.05, 94, 48, 28),
        (150, '2021-03-30 15:44:21', 1183.43, 76, 2, 12),
        (151, '2021-12-08 23:43:02', 649.39, 74, 82, 10),
        (152, '2021-06-27 09:36:40', 566.83, 70, 80, 45),
        (153, '2021-04-14 08:30:28', 633.77, 80, 78, 35),
        (154, '2022-09-28 15:46:23', 843.76, 87, 37, 46),
        (155, '2020-11-25 16:53:49', 1052.83, 51, 62, 22),
        (156, '2022-02-26 23:50:05', 1538.82, 98, 28, 35),
        (157, '2021-11-12 00:13:38', 239.43, 57, 34, 24),
        (158, '2022-05-13 07:53:08', 1204.71, 10, 73, 28),
        (159, '2021-11-27 12:25:19', 179.50, 21, 52, 45),
        (160, '2020-12-17 12:29:15', 932.43, 86, 97, 31),
        (161, '2021-09-19 07:04:40', 1037.95, 38, 3, 37),
        (162, '2022-05-22 11:29:25', 840.89, 58, 59, 45),
        (163, '2020-11-13 19:36:41', 316.94, 84, 78, 14),
        (164, '2022-01-09 05:48:16', 1436.39, 18, 28, 27),
        (165, '2022-07-07 09:18:36', 1279.19, 8, 23, 29),
        (166, '2021-07-13 04:01:43', 906.01, 22, 85, 34),
        (167, '2021-08-19 19:26:12', 1588.73, 90, 86, 43),
        (168, '2022-05-08 13:50:11', 195.55, 60, 20, 6),
        (169, '2021-08-29 13:32:42', 1267.66, 87, 99, 5),
        (170, '2021-02-18 01:17:35', 388.01, 98, 98, 45),
        (171, '2021-03-10 09:47:18', 365.34, 1, 99, 27),
        (172, '2020-11-13 13:25:10', 357.35, 1, 27, 5),
        (173, '2021-04-13 09:57:39', 163.30, 44, 38, 29),
        (174, '2022-07-07 18:29:02', 188.55, 62, 18, 8),
        (175, '2021-08-11 19:48:25', 981.49, 65, 80, 48),
        (176, '2022-07-14 18:53:06', 105.47, 18, 90, 5),
        (177, '2022-09-18 16:02:11', 1640.75, 96, 94, 47),
        (178, '2022-09-27 06:39:46', 136.07, 29, 38, 6),
        (179, '2022-05-04 19:29:01', 1123.98, 61, 50, 30),
        (180, '2021-05-10 19:05:16', 1002.09, 24, 57, 45),
        (181, '2022-04-20 19:24:51', 1509.50, 20, 90, 39),
        (182, '2021-09-22 11:25:23', 134.79, 1, 34, 25),
        (183, '2022-01-21 19:59:15', 643.45, 89, 63, 17),
        (184, '2021-10-10 13:44:11', 1641.28, 39, 36, 6),
        (185, '2022-07-17 03:14:48', 813.33, 6, 66, 45),
        (186, '2021-08-29 12:57:11', 1342.29, 26, 34, 40),
        (187, '2021-03-13 04:03:21', 1579.04, 68, 23, 11),
        (188, '2021-06-06 23:07:08', 60.03, 33, 99, 36),
        (189, '2021-08-17 15:13:31', 632.54, 66, 46, 20),
        (190, '2022-08-04 04:05:04', 1176.79, 11, 98, 9),
        (191, '2021-07-12 12:24:06', 331.53, 2, 16, 32),
        (192, '2022-09-24 00:15:21', 1561.50, 98, 13, 11),
        (193, '2020-12-12 14:16:21', 877.75, 92, 99, 7),
        (194, '2021-09-15 21:45:35', 375.36, 50, 10, 39),
        (195, '2022-07-09 04:12:21', 1055.51, 38, 97, 33),
        (196, '2021-07-11 09:53:04', 1424.48, 31, 38, 26),
        (197, '2021-12-20 13:43:41', 250.28, 46, 81, 43),
        (198, '2021-10-25 23:33:39', 933.83, 82, 29, 35),
        (199, '2022-03-26 23:11:18', 340.73, 35, 66, 39),
        (200, '2020-12-18 05:38:08', 228.50, 4, 62, 25),
        (201, '2022-09-04 05:00:55', 819.41, 91, 2, 23),
        (202, '2022-06-20 05:11:52', 1503.09, 17, 76, 42),
        (203, '2022-07-15 13:23:30', 625.35, 89, 22, 37),
        (204, '2021-07-17 22:29:47', 233.26, 62, 4, 14),
        (205, '2020-12-12 22:48:42', 1156.38, 84, 41, 42),
        (206, '2021-09-18 15:15:37', 1694.59, 59, 1, 34),
        (207, '2021-03-15 05:29:57', 1174.43, 67, 34, 17),
        (208, '2021-06-15 04:03:50', 999.65, 74, 52, 24),
        (209, '2021-02-07 13:12:01', 512.93, 12, 89, 42),
        (210, '2021-05-22 09:01:19', 674.09, 79, 22, 16),
        (211, '2022-05-26 06:25:39', 1155.33, 98, 96, 30),
        (212, '2022-02-16 00:30:32', 1089.51, 88, 54, 4),
        (213, '2021-03-08 22:15:59', 1056.60, 76, 49, 41),
        (214, '2022-09-12 06:16:00', 611.21, 61, 23, 36),
        (215, '2022-04-09 01:28:53', 726.94, 26, 15, 30),
        (216, '2021-02-06 14:27:50', 751.97, 40, 50, 43),
        (217, '2021-12-22 22:50:19', 1691.29, 64, 75, 21),
        (218, '2022-04-10 15:34:38', 390.85, 59, 40, 40),
        (219, '2022-08-28 22:14:53', 103.17, 29, 29, 11),
        (220, '2022-07-21 05:29:18', 462.97, 86, 53, 26),
        (221, '2022-07-04 20:06:05', 450.78, 18, 18, 16),
        (222, '2022-07-19 11:53:31', 1391.31, 17, 86, 3),
        (223, '2021-08-22 08:27:21', 1271.75, 16, 27, 31),
        (224, '2022-08-24 23:58:52', 1041.44, 67, 8, 7),
        (225, '2021-02-02 09:38:52', 266.82, 63, 74, 15),
        (226, '2021-12-15 16:23:17', 1438.96, 34, 87, 23),
        (227, '2021-06-19 01:07:59', 644.19, 22, 73, 38),
        (228, '2021-10-01 09:17:31', 882.38, 97, 71, 27),
        (229, '2021-03-03 16:37:35', 512.88, 52, 84, 41),
        (230, '2022-06-24 09:00:16', 837.46, 42, 86, 33),
        (231, '2021-06-28 22:14:11', 1533.08, 31, 71, 5),
        (232, '2021-08-04 05:03:06', 1283.38, 36, 97, 33),
        (233, '2021-07-24 04:18:45', 1045.96, 91, 71, 34),
        (234, '2021-09-14 19:31:17', 1211.74, 40, 62, 47),
        (235, '2022-04-23 12:56:02', 1662.59, 95, 46, 25),
        (236, '2021-06-03 09:24:08', 763.46, 56, 89, 32),
        (237, '2022-03-04 10:17:00', 488.78, 12, 89, 1),
        (238, '2022-03-26 15:52:43', 495.03, 36, 29, 17),
        (239, '2022-08-03 09:29:54', 647.31, 66, 73, 5),
        (240, '2022-09-22 15:15:42', 1660.97, 20, 15, 27),
        (241, '2022-01-10 14:05:32', 1334.91, 47, 86, 29),
        (242, '2022-09-18 14:26:33', 1257.97, 85, 58, 18),
        (243, '2021-06-06 23:09:45', 1611.90, 85, 72, 13),
        (244, '2021-04-20 16:04:46', 1210.84, 59, 73, 39),
        (245, '2022-01-26 20:37:59', 1426.07, 59, 74, 39),
        (246, '2021-04-11 22:03:56', 1353.91, 4, 69, 30),
        (247, '2022-04-18 08:26:42', 1642.68, 45, 42, 31),
        (248, '2021-08-21 11:16:18', 715.60, 32, 79, 38),
        (249, '2022-04-09 20:45:13', 970.82, 25, 74, 7),
        (250, '2020-11-01 18:51:12', 1226.37, 43, 3, 37),
        (251, '2021-08-23 03:54:58', 881.16, 84, 47, 21),
        (252, '2022-07-25 00:23:02', 424.30, 92, 46, 28),
        (253, '2022-01-26 21:52:28', 604.88, 53, 63, 33),
        (254, '2021-11-17 18:38:47', 711.45, 86, 75, 5),
        (255, '2021-10-02 16:02:56', 1059.97, 7, 71, 5),
        (256, '2021-12-25 16:09:13', 730.63, 43, 63, 30),
        (257, '2021-11-06 18:47:04', 1426.43, 71, 23, 16),
        (258, '2021-06-14 04:00:35', 1475.98, 17, 57, 17),
        (259, '2021-04-23 01:22:32', 804.42, 58, 66, 39),
        (260, '2020-12-16 02:29:59', 898.27, 71, 43, 18),
        (261, '2021-12-30 14:10:36', 43.44, 87, 95, 47),
        (262, '2022-01-14 09:27:06', 1586.71, 1, 7, 37),
        (263, '2021-02-18 02:33:49', 1619.29, 24, 59, 44),
        (264, '2021-07-07 12:42:51', 610.00, 59, 31, 30),
        (265, '2021-09-12 10:56:38', 1455.56, 73, 25, 5),
        (266, '2021-10-15 09:41:35', 1590.18, 46, 95, 27),
        (267, '2021-09-30 11:16:26', 956.55, 71, 30, 20),
        (268, '2022-06-02 08:07:46', 1416.88, 4, 21, 35),
        (269, '2022-06-24 07:02:41', 1617.66, 43, 56, 4),
        (270, '2022-04-18 17:14:25', 1061.01, 21, 15, 1),
        (271, '2022-08-10 20:37:20', 639.69, 72, 47, 18),
        (272, '2021-06-07 11:42:39', 498.85, 90, 33, 34),
        (273, '2021-11-19 02:31:01', 1077.69, 52, 67, 1),
        (274, '2021-09-08 00:02:57', 318.89, 93, 90, 9),
        (275, '2021-05-16 12:31:02', 349.72, 60, 74, 43),
        (276, '2021-12-04 19:34:53', 88.89, 95, 21, 44),
        (277, '2021-05-24 17:24:33', 1264.04, 77, 39, 9),
        (278, '2021-10-06 01:15:08', 1627.84, 85, 15, 34),
        (279, '2021-06-07 03:29:48', 262.68, 22, 91, 8),
        (280, '2022-01-01 10:13:50', 265.33, 34, 3, 11),
        (281, '2022-09-21 11:57:07', 371.21, 77, 42, 46),
        (282, '2021-10-05 09:13:33', 742.76, 1, 77, 23),
        (283, '2022-02-28 20:54:59', 314.61, 21, 88, 22),
        (284, '2021-05-31 00:21:17', 1105.61, 6, 25, 14),
        (285, '2021-08-19 07:25:02', 1396.82, 47, 80, 36),
        (286, '2022-06-22 20:01:44', 1302.01, 89, 88, 41),
        (287, '2021-08-03 23:26:53', 138.47, 1, 14, 45),
        (288, '2021-12-19 21:26:15', 1434.54, 17, 17, 30),
        (289, '2021-05-18 19:15:37', 1184.29, 27, 77, 38),
        (290, '2022-03-02 21:00:37', 256.26, 75, 51, 26),
        (291, '2021-02-25 18:47:10', 1202.59, 51, 61, 2),
        (292, '2021-01-30 08:09:53', 419.12, 59, 48, 27),
        (293, '2022-04-16 14:43:16', 1161.67, 57, 69, 18),
        (294, '2020-12-04 07:14:30', 1562.87, 2, 39, 10),
        (295, '2021-04-07 22:49:00', 375.69, 23, 95, 25),
        (296, '2022-07-08 17:37:46', 691.29, 23, 19, 15),
        (297, '2021-12-24 18:18:34', 1572.82, 84, 26, 27),
        (298, '2022-07-18 19:52:52', 44.35, 47, 16, 14),
        (299, '2021-06-24 22:23:06', 1464.86, 83, 6, 36),
        (300, '2022-07-23 06:57:11', 1501.23, 50, 48, 32);