insert into parts (id, part_name, price, quantity)
values  (1, 'Alternator', 320.13, 40),
        (2, 'Battery', 419.14, 33),
        (3, 'Performance Battery', 455.38, 15),
        (4, 'Battery Box', 590.43, 21),
        (5, 'Battery Cable', 269.73, 5),
        (6, 'Battery Plate', 416.1, 36),
        (7, 'Battery tray', 241.45, 13),
        (8, 'Battery Cap', 33.28, 24),
        (9, 'Distilled Water', 547.68, 6),
        (10, 'Ammeter', 148.61, 7),
        (11, 'Clinometer', 397.05, 12),
        (12, 'Dynamometer', 343.52, 6),
        (13, 'Fuel gauge', 452.04, 31),
        (14, 'Manometer', 368.82, 27),
        (15, 'Hydrometer', 162.69, 8),
        (16, 'Temperature gauge', 574.25, 40),
        (17, 'Tire pressure gauge', 511.9, 26),
        (18, 'Vacuum gauge', 385.88, 29),
        (19, 'Voltmeter', 594.86, 6),
        (20, 'Oil pressure gauge', 50.56, 40),
        (21, 'Sparking cable', 17.41, 28),
        (22, 'Distributor', 560.97, 37),
        (23, 'Distributor Cap', 289.08, 39),
        (24, 'Ignition box', 385.95, 10);

insert into mechanics (id, email, first_name, last_name, phone)
values  (1, 'lrann0@t-online.de', 'Lorna', 'Rann', '462-463-0432'),
        (2, 'ksterland1@hubpages.com', 'Krystal', 'Sterland', '201-115-5358'),
        (3, 'gledeker2@amazon.com', 'Gerladina', 'Ledeker', '534-162-5734'),
        (4, 'dhebard4@histats.com', 'Dulcy', 'Hebard', '654-577-5713'),
        (5, 'jbisley5@yandex.ru', 'Jedd', 'Bisley', '294-274-0482'),
        (6, 'lglendenning6@tripadvisor.com', 'Lizbeth', 'Glendenning', '654-208-9686'),
        (7, 'mmonteith7@upenn.edu', 'Megan', 'Monteith', '553-464-5011'),
        (8, 'mburner8@artisteer.com', 'Mandel', 'Burner', '802-835-8210'),
        (9, 'dmcnelly9@statcounter.com', 'Don', 'McNelly', '381-295-6186'),
        (10, 'afilkina@amazon.com', 'Averill', 'Filkin', '440-470-2126'),
        (11, 'jreederb@apple.com', 'Johannes', 'Reeder', '855-102-5136'),
        (12, 'mlegerc@google.ca', 'Madelaine', 'Leger', '283-672-3702'),
        (13, 'apenellid@so-net.ne.jp', 'Ashlie', 'Penelli', '881-142-4258'),
        (14, 'ealrede@google.it', 'Erda', 'Alred', '328-462-7059'),
        (15, 'dletchfordf@blogspot.com', 'Delcina', 'Letchford', '405-699-6016'),
        (16, 'cstylesg@stanford.edu', 'Caldwell', 'Styles', '767-550-6136'),
        (17, 'cmacsorleyh@lycos.com', 'Cleve', 'MacSorley', '674-370-2684'),
        (18, 'cmacpikei@bigcartel.com', 'Christie', 'MacPike', '636-208-4855'),
        (19, 'bkaiserj@salon.com', 'Brynn', 'Kaiser', '168-581-0231'),
        (20, 'tdagostinok@dagondesign.com', 'Teddy', 'D''Agostino', '269-545-3066'),
        (21, 'mredmanl@aol.com', 'Marsha', 'Redman', '435-882-4065'),
        (22, 'aashwinm@noaa.gov', 'Alexei', 'Ashwin', '950-433-9171'),
        (23, 'hmccanen@infoseek.co.jp', 'Hanan', 'McCane', '241-738-8061'),
        (24, 'mmarzelleo@squarespace.com', 'Margalo', 'Marzelle', '202-980-7909');

insert into cars (id, car_make, car_model, car_type, engine, kilometers, plate_number, year)
values  (1, 'Mitsubishi', 'Tundra', 'SUV', 1.2, 256754, 'JA9315IL', 2009),
        (2, 'Land Rover', 'Range Rover', 'SUV', 2.6, 159069, 'NR9360PI', 1996),
        (3, 'Dodge', 'Intrepid', 'sport', 2.3, 127029, 'OY9924GE', 2001),
        (4, 'Honda', 'S2000', 'SUV', 1.4, 304688, 'JH5373JS', 2006),
        (5, 'Audi', 'A8', 'coupe', 2.8, 345548, 'HV6403FF', 1998),
        (6, 'Mercedes-Benz', 'E-Class', 'SUV', 1.9, 329396, 'QG6363GJ', 1989),
        (7, 'Infiniti', 'II', 'SUV', 2.7, 290806, 'BY3545TD', 2003),
        (8, 'BMW', '325', 'sport', 1.6, 279753, 'OH2442XY', 2004),
        (9, 'Ferrari', '599 GTB Fiorano', 'coupe', 2, 78182, 'MJ3621LP', 2009),
        (10, 'BMW', '3 Series', 'sport', 2.9, 163477, 'HT4025NI', 2009),
        (11, 'Saab', '900', 'coupe', 1.4, 265506, 'OG3270QA', 1991),
        (12, 'Nissan', 'Quest', 'coupe', 2.7, 283813, 'JW8520XS', 2005),
        (13, 'Dodge', 'Intrepid', 'coupe', 1.1, 339010, 'PM1335EQ', 1994),
        (14, 'Pontiac', 'Trans Sport', 'sport', 1.1, 91429, 'DX7507XY', 1995),
        (15, 'Lincoln', 'MKX', 'SUV', 1.9, 191137, 'LH8833NL', 2013),
        (16, 'Saab', '9-5', 'sport', 2, 80671, 'OG2403NL', 2006),
        (17, 'Honda', 'Civic', 'coupe', 1.5, 314484, 'FP4388LX', 2011),
        (18, 'Mazda', 'MPV', 'coupe', 2, 139040, 'BL4032DF', 1993),
        (19, 'Buick', 'Coachbuilder', 'sport', 1.5, 97889, 'YH2964LW', 1995),
        (20, 'Dodge', 'D150', 'SUV', 2.8, 256385, 'ED6655KW', 1992),
        (21, 'Acura', 'RL', 'coupe', 3, 122702, 'CK4020DO', 2008),
        (22, 'Saab', '9000', 'sport', 1.7, 81101, 'ZM6516GD', 1999),
        (23, 'Buick', 'Regal', 'sport', 1.5, 291780, 'PB7870EX', 1987),
        (24, 'Ford', 'F150', 'SUV', 2.2, 301570, 'JJ2481JC', 2006),
        (25, 'Chevrolet', 'Express 3500', 'sport', 2.5, 210691, 'OQ3347RV', 2010),
        (26, 'Pontiac', 'Torrent', 'coupe', 1.1, 197012, 'WN3421OU', 2007),
        (27, 'Volkswagen', 'CC', 'SUV', 2.4, 236751, 'NV3327PZ', 2009),
        (28, 'Cadillac', 'XLR', 'SUV', 1.6, 206485, 'XZ9047NP', 2004),
        (29, 'BMW', '545', 'coupe', 1.6, 197926, 'XX6007PW', 2004),
        (30, 'Chevrolet', 'Aveo', 'SUV', 3, 219393, 'YA4204ZV', 2008),
        (31, 'Lexus', 'IS-F', 'SUV', 2.6, 285002, 'BG5643BO', 2009),
        (32, 'Jeep', 'Wrangler', 'SUV', 2, 292812, 'FA2095MC', 1995);

insert into tasks (id, date, price, cars_id, mechanic_id, parts_id)
values  (1, '2021-01-28 06:43:21', 240.04, null, 23, 7),
        (2, '2021-12-07 05:08:51', 1230.28, null, 23, 9),
        (3, '2021-02-19 16:51:20', 705.94, null, 8, null),
        (4, '2022-01-27 22:06:04', 969.34, 17, 23, 11),
        (5, '2022-06-06 06:59:40', 280.38, 12, 23, null),
        (6, '2022-04-26 18:48:39', 1144.42, 13, 6, null),
        (7, '2020-11-24 14:13:00', 931.67, null, 10, 7),
        (8, '2020-11-10 16:31:31', 885.94, 11, 23, 17),
        (9, '2021-11-24 13:30:15', 1317.13, 9, 23, 12),
        (10, '2022-05-24 08:27:29', 330.49, 13, 23, 13);