insert into constellations (id, description, name)
values  (1, 'A princess chained to a rock, saved by Perseus.', 'Andromeda'),
        (2, 'A half-human, half-horse creature wielding a spear.', 'Centaurus'),
        (3, 'Queen punished for her vanity by being forced to sit on a throne.', 'Cassiopeia'),
        (4, 'King and husband of Cassiopeia.', 'Cepheus'),
        (5, 'The eagle carrying Zeus''s thunderbolts.', 'Aquila'),
        (6, 'A dragon guarding the North Pole.', 'Draco'),
        (7, 'A multi-headed serpent-like creature.', 'Hydra'),
        (8, 'The lyre of the mythical musician Orpheus.', 'Lyra'),
        (9, 'A mighty hunter wielding a club and a bow.', 'Orion'),
        (10, 'A winged horse.', 'Pegasus'),
        (11, 'A hero who slayed Medusa and saved Andromeda.', 'Perseus'),
        (12, 'The arrow used by Hercules.', 'Sagitta'),
        (13, 'An archer aiming his bow at the heart of Scorpius.', 'Sagittarius'),
        (14, 'A scorpion with a prominent stinger.', 'Scorpius'),
        (15, 'The bull from Greek mythology.', 'Taurus'),
        (16, 'The Great Bear, containing the Big Dipper asterism.', 'Ursa Major'),
        (17, 'The Little Bear, containing the North Star.', 'Ursa Minor'),
        (18, 'A maiden holding wheat or a sheaf of wheat.', 'Virgo'),
        (19, 'A fox carrying a goose in its jaws.', 'Vulpecula');

insert into stars (description, light_years, name, star_type, constellation_id)
values  ('Celestial source of light and energy', 752.65, 'Shaula', 'WHITE_DWARF', 1),
        ('Lustrous celestial body', 1943.56, 'Alpherg', 'RED_GIANT', 1),
        ('Luminous cosmic beacon', 7614.09, 'Pollux', 'WHITE_DWARF', 1),
        ('Lustrous point of light', 431.01, 'Deneb', 'RED_GIANT', 1),
        ('Luminous point of light', 976.12, 'Peacock', 'WHITE_DWARF', 1),
        ('Glowing cosmic body', 635.56, 'Izar', 'WHITE_DWARF', 2),
        ('Shimmering point of light in the night sky', 809.76, 'Polaris', 'NEUTRON_STAR', 2),
        ('Glowing celestial object', 413.34, 'Celaeno', 'RED_GIANT', 2),
        ('Heavenly body illuminating the darkness', 1843.56, 'Lesath', 'RED_GIANT', 3),
        ('Luminous celestial body', 736.76, 'Etamin', 'RED_GIANT', 3),
        ('Glowing celestial entity', 802.88, 'Pi Hydrae', 'RED_GIANT', 3),
        ('Gleaming point of light', 2815.21, 'Alnitak', 'WHITE_DWARF', 3),
        ('Glowing celestial object', 139.92, 'Yara', 'RED_GIANT', 3),
        ('Lustrous celestial body', 156.56, 'Phecda', 'NEUTRON_STAR', 3),
        ('Glowing celestial sphere', 1051.21, 'Nashira', 'RED_GIANT', 4),
        ('Celestial source of light and energy', 721.34, 'Alphatrianguli', 'RED_GIANT', 4),
        ('Luminous point of light', 765.45, 'Mira', 'NEUTRON_STAR', 4),
        ('Radiant star', 4752.65, 'Rastaban', 'RED_GIANT', 4),
        ('Celestial source of light and energy', 196.43, 'Alhena', 'WHITE_DWARF', 5),
        ('Dazzling cosmic body', 654.99, 'Aldebaran', 'NEUTRON_STAR', 5),
        ('Blazing star', 245.45, 'Alwaid', 'NEUTRON_STAR', 5),
        ('Luminous star', 105.75, 'Kaus Borealis', 'WHITE_DWARF', 5),
        ('Shining star', 4023.55, 'Rigel', 'WHITE_DWARF', 6),
        ('Luminous star', 9000, 'Gacrux', 'WHITE_DWARF', 6),
        ('Blazing cosmic entity', 562.89, 'Alnilam', 'RED_GIANT', 6),
        ('Shimmering star', 523.23, 'Polis', 'RED_GIANT', 6),
        ('Radiant celestial entity', 775.45, 'Saiph', 'RED_GIANT', 6),
        ('Celestial source of radiance', 1689.67, 'Alnair', 'NEUTRON_STAR', 6),
        ('Heavenly body radiating luminosity', 3715.78, 'Navi', 'NEUTRON_STAR', 7),
        ('Celestial object', 1623.55, 'Achird', 'NEUTRON_STAR', 7),
        ('Celestial entity', 651.21, 'Electra', 'WHITE_DWARF', 7),
        ('Massive celestial object', 523.88, 'Antares', 'RED_GIANT', 8),
        ('Glowing celestial sphere', 298.43, 'Alhakim', 'NEUTRON_STAR', 8),
        ('Celestial furnace', 381.59, 'Mintaka', 'WHITE_DWARF', 8),
        ('Shining beacon of the cosmos', 326.34, 'Mu Cephei', 'WHITE_DWARF', 8),
        ('Cosmic furnace', 646.76, 'Phact', 'NEUTRON_STAR', 8),
        ('Radiant stellar body', 1204.78, 'Mirach', 'NEUTRON_STAR', 8),
        ('Luminous beacon in the vast expanse', 1378.32, 'Spica', 'RED_GIANT', 9),
        ('Cosmic furnace', 1789.23, 'Arcturus', 'NEUTRON_STAR', 9),
        ('Fiery orb of gas', 98.76, 'Altair', 'WHITE_DWARF', 9),
        ('Blazing star', 338.99, 'Mimosa', 'RED_GIANT', 9),
        ('Radiant celestial entity', 7021.67, 'Caph', 'RED_GIANT', 9),
        ('Dazzling star', 1745.88, 'Alcyone', 'RED_GIANT', 9);

insert into astronomers (average_observation_hours, birthday, first_name, last_name, salary, observing_star_id)
values  (106936.42, '1959-06-03', 'Nathaniel', 'Reynolds', 101754.41, 16),
        (241603.8, '1958-09-04', 'Serena', 'Chandler', 98328.09, 16),
        (121317.97, '1976-04-03', 'Genevieve', 'Archer', 67686.33, 18),
        (183403.7, '1983-04-12', 'Sebastian', 'Maxwell', 54559.97, 23),
        (20537.9, '1957-09-04', 'Vivienne', 'Griffin', 252195.46, 24),
        (105443.87, '1954-09-02', 'Cassandra', 'Bellamy', 111076.52, 28),
        (244764.96, '1989-05-24', 'Lorelei', 'Blackwell', 153955.54, 36),
        (72795.68, '1993-08-14', 'Victor', 'Adams', 316456.16, 42),
        (148528.89, '1958-04-26', 'Elias', 'Donovan', 288559.38, 42),
        (176858.79, '1989-01-01', 'Drake', 'Hawthorne', 207615.71, 30),
        (153446.68, '1951-03-10', 'Gabriel', 'Fletcher', 62358.41, 29),
        (16667.34, '1960-01-02', 'Julian', 'Whitaker', 66661.49, 25),
        (55643.78, '1986-07-15', 'Isadora', 'Fitzgerald', 334024.69, 26),
        (150617.05, '1980-07-26', 'Aurora', 'Hamilton', 211196.44, 40),
        (31049.67, '1966-05-05', 'Dorian', 'Sawyer', 161438.11, 23),
        (209054.25, '1988-05-03', 'Lysander', 'Spencer', 108576.5, 41),
        (22836.19, '1980-01-16', 'Helena', 'Bishop', 294111.44, 15),
        (34635.09, '1995-08-14', 'Astrid', 'Webster', 104422.67, 7),
        (55537.43, '1966-11-03', 'Elena', 'Sullivan', 98319.24, 21),
        (83542.93, '1980-12-10', 'Leander', 'Valentine', 377608.72, 31);